sample-id	barcode-sequence	DNA-ng-ul	lake-type	lake-bedrock	lake-age	catchment-area	lake-area	shore-line	developement-of-shoreline	lake-volume	max-depth	mean-depth	developement-of-volume	relative-depth	month	day	time	water-temperature	pH	conductivity	GPS-X	GPS-Y	GPS-Z	pH-chemistry	cond-chem	chloridy	sirany	amonne-ionty	dusicnany	N-NH4	N-NO3	N-tot	fluoridy	DOC	P-tot	Na	K	Ca	Mg
#q2:types	categorical	numeric	categorical	categorical	categorical	numeric	numeric	numeric	numeric	numeric	numeric	numeric	numeric	numeric	numeric	numeric	numeric	numeric	numeric	numeric	numeric	numeric	numeric	numeric	numeric	numeric	numeric	numeric	numeric	numeric	numeric	numeric	numeric	numeric	numeric	numeric	numeric	numeric	numeric
VO1	GATCCGGTgtgc	20.8	1	V	old	54057	18050	550	1.15	27790	3.5	1.5	0.44	2.31	2	9	14.5	13	9.6	56	-63.96130556	-57.90283333	229	10	60	3.45	1.38	0.05	0.5	0.039	0.113	1	0.1	2.1	0.025	6.1	1	2.56	1.03
ROZ	GATCGGAAgtgc	22.2	5	M	young	195347	88390	1222	1.16	1580000	32.5	17.9	0.55	9.69	2	15	16	0.9	9.6	75	-63.81772222	-57.84547222	201	9.7	95	7.13	5.88	0.052	0.684	0.041	0.155	1	0.1	1.3	0.127	15.5	1	1.69	0.445
LA2	GATGAGGCgtgc	12	2	G	old	200187	14670	635	1.48	1871	0.4	0.1	0.36	0.26	2	15	19	3.7	9.3	948	-63.79997222	-57.80863889	13	9.8	515	91.9	83.2	0.409	0.5	0.318	0.113	1	0.1	3.7	0.025	46.7	3.51	22.4	20.8
V04	GATGGGTCgtgc	4	1	V	old	109619	6077	361	1.31	8750	3.4	1.4	0.42	3.87	2	9	16	2	9.1	45	-63.96030556	-57.89855556	221	9.8	50	3.3	1.99	0.05	0.5	0.039	0.113	1	0.1	1.1	0.058	4.08	1	3.1	0.874
WH1	GATGTCCGgtgc	17.6	1	V	old	380112	6662	353	1.22	4915	1.8	0.7	0.41	1.95	2	13	12	8.2	7.7	128	-63.89713889	-57.81241667	65	9.8	135	18.6	14.2	0.05	0.5	0.039	0.113	1	0.1	2.2	0.025	12.7	1	5.25	3.54
PHO	GATGTCTTgtgc	20.8	3	C+G	old	9146393	158100	2495	1.77	18220	0.3	0.1	0.34	0.08	2	12	16.5	7.1	8.2	268	-63.84683333	-58.00780556	10	9.5	294	15.2	95.9	0.05	0.5	0.039	0.113	1	0.1	1.5	0.025	21.6	0.1	26.7	5.44
BLU	GATTAGTGgtgc	17.6	6	M	young		3806	303	1.39						2	8		5.5	7.8	91	-63.91505556	-57.95683333	184	9.9	84	8.8	4.58	0.141	0.5	0.11	0.113	1	0.1	1.8	0.054	10.2	0.1	8.56	0.993
BIB	GATTGCGTgtgc	25.2	4	M	young	48700	7439	515	1.68	7880	2.7	1.1	0.39	2.77	2	12	16	2.1	9.2	29	-63.81947222	-57.93002778	250	7.6	41	6.84	1.51	0.05	0.5	0.039	0.113	1	0.1	0.98	0.092	4.92	2.53	0.86	0.393
RN	GATTGGGAgtgc	5	6	M	young		1944	171	1.09	5120	4.6	2.6	0.57	9.25	2	15	17	0.9	8.8	77	-63.82297222	-57.84475	260	9.7	92	14	5.34	0.063	0.5	0.049	0.113	1	0.1	1.5	0.07	13.2	1	1.88	0.935
FED	GATTGTGGgtgc	21.6	4	M	young	67885	8269	438	1.36						2	8	19.5	1.4	10.4	59	-63.93791667	-57.98061111	387	9.9	73	7.48	2.21	0.054	0.5	0.042	0.113	1	0.1	1.4	0.073	9.72	0.1	3.74	0.961
LA1	GATTTGCCgtgc	26.4	2	G	old	394209	29670	1267	2.07	4754	0.3	0.2	0.53	0.15	2	15	19	5.2	7.2	411	-63.79302778	-57.80383333	9	9.7	1080	199	205	0.193	0.5	0.15	0.113	1	0.1	6.2	0.031	107	6.32	44.2	38.3
NAD	GCAAAAAGgtgc	20.6	5	M	young	91752	8147	444	1.39	45050	12	5.5	0.46	11.78	2	15	18	0.6	8.1	56	-63.81441667	-57.83488889	236	8.5	79	14.4	5.99	0.072	0.5	0.056	0.113	1	0.1	1.5	0.025	9.02	1.01	2.35	1.76
MON-C	GCAAAAGTgtgc	13.6	3	C+G	old	1886055	93050	1351	1.25	116600	2.2	1.3	0.57	0.64	2	13	10	4.3	7.6	83	-63.89778056	-57.95646389	67	9.7	87	10.3	12	0.09	0.5	0.07	0.113	1	0.1	2	0.025	8.15	1	9.5	1.76
KA2	GCAAGGCCgtgc	20	3	C	old	131953	1518	194	1.4	195	0.3	0.1	0.49	0.59	2	12	18.5	6.8	7.8	198	-63.87108333	-57.97569444	38	9.9	199	23.5	36.7	0.132	0.5	0.103	0.113	1	0.1	3.2	0.025	15.7	1	24.6	3.66
GR1	GCAAGTCAgtgc	22.6	1	V	old	340515	4220	324	1.41	2183	1.1	0.5	0.49	1.43	2	13	14	6.8	8.8	97	-63.90325	-57.78052778	65	9.8	116	22.4	3.95	0.079	0.5	0.061	0.113	1	0.1	2.5	0.025	13.3	1	5.04	2.79
OM1	GCAATCCAgtgc	24	6	M	young		24320	875							2	13	17.5	0.6	9.2	54	-62.86111111	-57.81388889	257	9.6	66	6.9	1.88	0.05	0.5	0.039	0.113	1	0.1	1.5	0.128	11.4	1	0.666	0.39
GR2	GCACAACCgtgc	24	1	V	old	368586	2970	214	1.11	1037	0.9	0.3	0.39	1.46	2	13	14.5	7.9	9.2	176	-63.8985	-57.77605556	40	10	171	33.7	5.96	0.077	0.5	0.06	0.113	1	0.1	3.1	0.025	19	1.4	10.3	5.28
RED	GCACAACTgtgc	22.4	1	V	old	129386	4324	254	1.09	2072	1.1	0.5	0.44	1.48	2	13	13	7.4	8.9	265	-63.90925	-57.79619444	65	9.7	295	72.4	7.18	0.114	0.5	0.088	0.113	1	0.1	2.8	0.025	31.3	1.36	10.4	7.98
GIN	GCACCAACgtgc	24	6	M	young		12170	532	1.36						2	13	16	1.4	8.7	31	-63.87483333	-57.80283333	197																
MUD	GCACGTGGgtgc	22.8	2	C	old	425356	10940	427	1.15						2	12	17.5	7.9	7.9	376	-63.86391667	-57.95338889	4	9.2	453	37.8	135	0.06	0.5	0.047	0.113	1	0.1	2.9	0.025	40	4.02	32	7.47
CYA	GCACTTAAgtgc	20.4	1	V	old	299861	6944	466	1.58	4510	1.5	0.6	0.4	1.6	2	9	14	15.7	9.2	84	-63.96566667	-57.90694444	185	9.9	57	3.35	1.3	0.05	0.5	0.039	0.113	1	0.1	1	0.077	6.9	0.1	5.9	0.801
BLA	GCAGAATTgtgc	24	1	V	old	61756	5363	301	1.16	1135	0.5	0.2	0.47	0.54	2	9	16.5	12.4	9.5	121	-63.96613889	-57.88325	166	9.9	98	13.7	2	0.05	0.5	0.039	0.113	1	0.1	3.8	0.025	8.87	1.43	13.1	4.01
RO2	GCAGATTGgtgc	23.8	6	M	young		1455	163	1.21	1824	3.8	1.3	0.33	8.83	2	15	16.5	1.1	9.3	63	-63.82372222	-57.84480556	269	9.7	75	10.4	3.65	0.05	0.5	0.039	0.113	1	0.1	1.1	0.035	9.74	0.1	2.38	0.939
DAN	CTGGGTACgtgc	24	3	C	old	1597449	13280	547	1.34	1418	0.2	0.1	0.46	0.18	2	12	19	6.1	7.9	142	-63.87888889	-57.97883333	41	9.7	144	8.41	37.7	0.05	0.5	0.039	0.113	1	0.1	1.5	0.025	12.4	0.1	17.7	2.54
VO3	CTGGGTAGgtgc	22.6	1	V	old	43563	13300	450	1.1	18020	3.1	1.4	0.44	2.38	2	9	16	10.9	9	55	-63.95927778	-57.90230556	235	9.9	54	2.95	0.784	0.05	0.5	0.039	0.113	1	0.1	1.4	0.025	5.46	1	2.25	0.916
VO2	CTGTACACgtgc	21.2	1	V	old	77759	5977	312	1.14	8270	3.9	1.4	0.35	4.47	2	9	15	11.1	9	49	-63.96008333	-57.90630556	228	9.9	59	4.54	1.38	0.05	0.5	0.039	0.113	1	0.1	1.2	0.028	5.67	1	3.78	1
LOU	CTGTTCTGgtgc	12.2	3		old		12150	495							2	17	12.5	4.9	8	552	-63.86865998	-57.92070902	40	9.6	582	24.2	229	0.184	0.5	0.143	0.113	1	0.123	2.2	0.025	44	1.21	82.9	11.5
KA1	CTTAGGACgtgc	19.9	3	C	old	84783	3289	282	1.39	716	0.5	0.2	0.46	0.73	2	12	19	5.3	7.8	149	-63.87308333	-57.97575	36	9.9	163	21	26.3	0.14	0.5	0.109	0.113	1	0.1	2.7	0.025	12.1	0.1	16.6	2.97
BIB-2	CTTCAGCCgtgc	27.2	4	M	young	48700	7439	515	1.68	7880	2.7	1.1	0.39	2.77	2	12	16	2.1	9.2	29	-63.81947222	-57.93002778	250	7.6	41	6.84	1.51	0.05	0.5	0.039	0.113	1	0.1	0.98	0.092	4.92	2.53	0.86	0.393
